domain,group
na,CPLITI01M_Clean Sweep_Jeff Grundhoffer
na,CPLITI01M_Lititz_Accounting_Department_Defaults
na,CPLITI01M_Lititz_Accounting_HP4500DN_Priority_Printer
na,CPLITI01M_Lititz_Candy Store_Department_Defaults
na,CPLITI01M_Lititz_Dist Ctr_Administration_Department_Defaults
na,CPLITI01M_Lititz_Engineering_Department_Defaults
na,CPLITI01M_Lititz_Information Technology_Department_Defaults
na,CPLITI01M_Lititz_Logistics_Department_Defaults
na,CPLITI01M_Lititz_Mail Order_Department_Defaults
na,CPLITI01M_Lititz_Maintenance_SharedMP2Accounts_Read
na,CPLITI01M_Lititz_Micro Lab_Department_Defaults
na,CPLITI01M_Lititz_Park Office_Accounting_Gerkens MB_Change
na,CPLITI01M_Lititz_Park Office_Accounting_Gerkens MB_Read
na,CPLITI01M_Lititz_Park Office_Administration_Department_Defaults
na,CPLITI01M_Lititz_Plant_Administration_Department_Defaults
na,CPLITI01M_Lititz_Production_Department_Defaults
na,CPLITI01M_Lititz_Purchasing_Department_Defaults
na,CPLITI01M_Lititz_Quality Assurance_Department_Defaults
na,CPLITI01M_Lititz_Research_Department_Defaults
na,CPLITI01M_Lititz_Sales_Department_Defaults
na,CPLITI01M_Lititz_Samples_Department_Defaults
na,CPLITI01M_Lititz_Supply Chain_Defaults
na,CPLITI01M_Lititz_WilburCustomerService_Dept_Defaults
na,CPLITI01M_MJOY_Barcode_Printer
na,CPLITI01M_Mount Joy_Accounting_Department_Defaults
na,CPLITI01M_Mount Joy_Administration_Department_Defaults
na,CPLITI01M_Mount Joy_Engineering_Department_Defaults
na,CPLITI01M_Mount Joy_Maintenance_Department_Defaults
na,CPLITI01M_Mount Joy_Production_Department_Defaults
na,CPLITI01M_Mount Joy_Quality Assurance_Department_Defaults
na,CPLITI01M_MountJoy_Maintenance_SharedMP2Accounts_Read
na,CPLITI01M_Power Users
na,CPLITI01M_Printer_Administrators
na,CPLITI01M_Program Files_Lititz_Abra_Change
na,CPLITI01M_Program Files_Lititz_Accts Dictionary_Change
na,CPLITI01M_Program Files_Lititz_BAPPTrack_Change
na,CPLITI01M_Program Files_Lititz_FDC_Change
na,CPLITI01M_Program Files_Lititz_ICVerify_Change
na,CPLITI01M_Program Files_Lititz_MP2_Change
na,CPLITI01M_Program Files_Lititz_RSS_Change
na,CPLITI01M_Program Files_Lititz_WSI_Change
na,CPLITI01M_Program Files_Mount Joy_BAPPTrack_Change
na,CPLITI01M_Program Files_Mount Joy_MP2_Change
na,CPLITI01M_Secure_Customer Profitability_Change
na,CPLITI01M_Secure_Customer Profitability_Read
na,CPLITI01M_Secure_Lititz_Dist Ctr_Administration_Barcodes_Change
na,CPLITI01M_Secure_Lititz_Dist Ctr_Administration_Pallet Label_Chg
na,CPLITI01M_Secure_Lititz_Dist Ctr_Administration_QM_DCMan_Chg
na,CPLITI01M_Secure_Lititz_Dist Ctr_Administration_QM_DCMan_Read
na,CPLITI01M_Secure_Lititz_Dist Ctr_Administration_QM_PanMan_Chg
na,CPLITI01M_Secure_Lititz_Dist Ctr_Administration_QM_PanMan_Read
na,CPLITI01M_Secure_Lititz_Dist Ctr_Administration_Raw Mat_Chg
na,CPLITI01M_Secure_Lititz_Dist Ctr_Administration_Raw Mat_Read
na,CPLITI01M_Secure_Lititz_Dist Ctr_Mail Order_Credit Crd Sales_Chg
na,CPLITI01M_Secure_Lititz_Dist Ctr_Mail Order_Credit Crd Sls_Read
na,CPLITI01M_Secure_Lititz_Dist Ctr_Mail Order_Current Prj_Change
na,CPLITI01M_Secure_Lititz_Dist Ctr_Mail Order_Current Prj_Read
na,CPLITI01M_Secure_Lititz_Dist Ctr_Mail Order_DCInventory_change
na,CPLITI01M_Secure_Lititz_Dist Ctr_Mail Order_DCInventory_Read
na,CPLITI01M_Secure_Lititz_Dist Ctr_Mail Order_Holidays-Vac_Chg
na,CPLITI01M_Secure_Lititz_Dist Ctr_Mail Order_Holidays-Vac_Read
na,CPLITI01M_Secure_Lititz_Dist Ctr_Mail Order_Inv Pur Trk_Change
na,CPLITI01M_Secure_Lititz_Dist Ctr_Mail Order_Inv Pur Trk_Read
na,CPLITI01M_Secure_Lititz_Dist Ctr_Mail Order_Invoicing_Change
na,CPLITI01M_Secure_Lititz_Dist Ctr_Mail Order_Invoicing_Read
na,CPLITI01M_Secure_Lititz_Dist Ctr_Mail Order_IVR_Change
na,CPLITI01M_Secure_Lititz_Dist Ctr_Mail Order_Labels_Change
na,CPLITI01M_Secure_Lititz_Dist Ctr_Mail Order_Labels_Read
na,CPLITI01M_Secure_Lititz_Dist Ctr_Mail Order_Pack Inv_Change
na,CPLITI01M_Secure_Lititz_Dist Ctr_Mail Order_Pack Inv_Read
na,CPLITI01M_Secure_Lititz_Dist Ctr_Mail Order_Proc E-Req_Change
na,CPLITI01M_Secure_Lititz_Dist Ctr_Mail Order_Proc E-Req_Read
na,CPLITI01M_Secure_Lititz_Dist Ctr_Mail Order_Tmpl Copies_Inv_Chg
na,CPLITI01M_Secure_Lititz_Dist Ctr_Mail Order_Tmpl Copies_Inv_Rd
na,CPLITI01M_Secure_Lititz_Dist Ctr_Mail Order_Tmpl Copies_Ord_Chg
na,CPLITI01M_Secure_Lititz_Dist Ctr_Mail Order_Tmpl Copies_Ord_Rd
na,CPLITI01M_Secure_Lititz_Dist Ctr_Micro Lab_Micro Results_Change
na,CPLITI01M_Secure_Lititz_Dist Ctr_Micro Lab_Micro Results_Read
na,CPLITI01M_Secure_Lititz_Dist Ctr_Samples_Labels_Change
na,CPLITI01M_Secure_Lititz_Dist Ctr_Samples_Labels_Read
na,CPLITI01M_Secure_Lititz_Maintenance_MP2Attachments_Change
na,CPLITI01M_Secure_Lititz_Maintenance_MP2Attachments_Read
na,CPLITI01M_Secure_Lititz_Park Office_Accounting_ABM_Change
na,CPLITI01M_Secure_Lititz_Park Office_Accounting_ABM_Read
na,CPLITI01M_Secure_Lititz_Park Office_Accounting_ABM_TomM_Chg
na,CPLITI01M_Secure_Lititz_Park Office_Accounting_AR Project_Change
na,CPLITI01M_Secure_Lititz_Park Office_Accounting_AR Project_Read
na,CPLITI01M_Secure_Lititz_Park Office_Accounting_Aspen_Change
na,CPLITI01M_Secure_Lititz_Park Office_Accounting_Aspen_Read
na,CPLITI01M_Secure_Lititz_Park Office_Accounting_Budget_Change
na,CPLITI01M_Secure_Lititz_Park Office_Accounting_Budget_Read
na,CPLITI01M_Secure_Lititz_Park Office_Accounting_Credit_Change
na,CPLITI01M_Secure_Lititz_Park Office_Accounting_Credit_Read
na,CPLITI01M_Secure_Lititz_Park Office_Accounting_Fiduciary_Change
na,CPLITI01M_Secure_Lititz_Park Office_Accounting_Fiduciary_Read
na,CPLITI01M_Secure_Lititz_Park Office_Accounting_Foreign Exp_Chg
na,CPLITI01M_Secure_Lititz_Park Office_Accounting_Foreign Exp_Read
na,CPLITI01M_Secure_Lititz_Park Office_Accounting_Gerkensbk_Chg
na,CPLITI01M_Secure_Lititz_Park Office_Accounting_Gerkensbk_Rd
na,CPLITI01M_Secure_Lititz_Park Office_Accounting_Inventory_Change
na,CPLITI01M_Secure_Lititz_Park Office_Accounting_INVPP 2006_Change
na,CPLITI01M_Secure_Lititz_Park Office_Accounting_KRA_Change
na,CPLITI01M_Secure_Lititz_Park Office_Accounting_KRA_Read
na,CPLITI01M_Secure_Lititz_Park Office_Accounting_MSMoney Trng_Chg
na,CPLITI01M_Secure_Lititz_Park Office_Accounting_MSMoney Trng_Read
na,CPLITI01M_Secure_Lititz_Park Office_Accounting_Payroll_BC_Change
na,CPLITI01M_Secure_Lititz_Park Office_Accounting_Payroll_Change
na,CPLITI01M_Secure_Lititz_Park Office_Accounting_Payroll_Read
na,CPLITI01M_Secure_Lititz_Park Office_Accounting_PositionRept_Chg
na,CPLITI01M_Secure_Lititz_Park Office_Accounting_Sales Tax_Change
na,CPLITI01M_Secure_Lititz_Park Office_Accounting_Sales Tax_Read
na,CPLITI01M_Secure_Lititz_Park Office_Accounting_Sugar Rxprtt_Chg
na,CPLITI01M_Secure_Lititz_Park Office_Accounting_Sugar Rxprtt_Read
na,CPLITI01M_Secure_Lititz_Park Office_Accounting_Vehicles_Change
na,CPLITI01M_Secure_Lititz_Park Office_Accounting_Vehicles_Read
na,CPLITI01M_Secure_Lititz_Park Office_Acct_Gerkens Freight_Change
na,CPLITI01M_Secure_Lititz_Park Office_Acctg_AdageSugar Rxprtt_Chg
na,CPLITI01M_Secure_Lititz_Park Office_Acctg_AdageSugar Rxprtt_Read
na,CPLITI01M_Secure_Lititz_Park Office_Acctg_Aspen_Peter Prcng_Chg
na,CPLITI01M_Secure_Lititz_Park Office_Acctg_Budgets_Change
na,CPLITI01M_Secure_Lititz_Park Office_Acctg_Budgets_FY02_Change
na,CPLITI01M_Secure_Lititz_Park Office_Acctg_Budgets_FY03_Change
na,CPLITI01M_Secure_Lititz_Park Office_Acctg_Budgets_FY04_Change
na,CPLITI01M_Secure_Lititz_Park Office_Acctg_Budgets_FY05_Change
na,CPLITI01M_Secure_Lititz_Park Office_Acctg_Budgets_FY06_Change
na,CPLITI01M_Secure_Lititz_Park Office_Acctg_Budgets_FY06_Read
na,CPLITI01M_Secure_Lititz_Park Office_Acctg_Budgets_FY07_Change
na,CPLITI01M_Secure_Lititz_Park Office_Acctg_Budgets_FY07_Read
na,CPLITI01M_Secure_Lititz_Park Office_Acctg_Budgets_FY08_Change
na,CPLITI01M_Secure_Lititz_Park Office_Acctg_Budgets_FY08_Read
na,CPLITI01M_Secure_Lititz_Park Office_Acctg_Budgets_Read
na,CPLITI01M_Secure_Lititz_Park Office_Acctg_Reports_Wkly Invy_Chg
na,CPLITI01M_Secure_Lititz_Park Office_Acctg_Reports_Wkly Invy_Read
na,CPLITI01M_Secure_Lititz_Park Office_Acctg_Wilbur Website_Change
na,CPLITI01M_Secure_Lititz_Park Office_Actg_C and M_Actg Info_Chg
na,CPLITI01M_Secure_Lititz_Park Office_Actg_C and M_Actg Info_Read
na,CPLITI01M_Secure_Lititz_Park Office_Actg_C and M_Cap Prjs_Chg
na,CPLITI01M_Secure_Lititz_Park Office_Actg_C and M_Cap Prjs_Read
na,CPLITI01M_Secure_Lititz_Park Office_Actg_C and M_Liq Plt CIP_Chg
na,CPLITI01M_Secure_Lititz_Park Office_Actg_C and M_Proj Info_Chg
na,CPLITI01M_Secure_Lititz_Park Office_Actg_C and M_Proj Info_Read
na,CPLITI01M_Secure_Lititz_Park Office_Actg_Cust PL_Gerkens_Change
na,CPLITI01M_Secure_Lititz_Park Office_Actg_Cust PL_Gerkens_Read
na,CPLITI01M_Secure_Lititz_Park Office_Actg_Customer PL_Change
na,CPLITI01M_Secure_Lititz_Park Office_Actg_Customer PL_Read
na,CPLITI01M_Secure_Lititz_Park Office_Actg_Customs Manual_Change
na,CPLITI01M_Secure_Lititz_Park Office_Actg_Customs Manual_Read
na,CPLITI01M_Secure_Lititz_Park Office_Actg_Plant Accounting_Change
na,CPLITI01M_Secure_Lititz_Park Office_Actg_Plant Accounting_Read
na,CPLITI01M_Secure_Lititz_Park Office_Actg_Platform Reporting_Chg
na,CPLITI01M_Secure_Lititz_Park Office_Actg_Tax Pkg_FY02_Change
na,CPLITI01M_Secure_Lititz_Park Office_Actg_Tax Pkg_FY02_Read
na,CPLITI01M_Secure_Lititz_Park Office_Actg_Tax Pkg_FY03_Change
na,CPLITI01M_Secure_Lititz_Park Office_Actg_Tax Pkg_FY03_Read
na,CPLITI01M_Secure_Lititz_Park Office_Actg_Tax Pkg_FY04_Change
na,CPLITI01M_Secure_Lititz_Park Office_Actg_Tax Pkg_FY04_Read
na,CPLITI01M_Secure_Lititz_Park Office_Admin_News letter_Chg
na,CPLITI01M_Secure_Lititz_Park Office_Admin_Raw Mat Reqs_Chg
na,CPLITI01M_Secure_Lititz_Park Office_Admin_Raw Mat Reqs_Read
na,CPLITI01M_Secure_Lititz_Park Office_BD_CCSAP_Change
na,CPLITI01M_Secure_Lititz_Park Office_BD_Complex_Chg
na,CPLITI01M_Secure_Lititz_Park Office_BD_Master_Chg
na,CPLITI01M_Secure_Lititz_Park Office_BU Plan_Change
na,CPLITI01M_Secure_Lititz_Park Office_HR_Employee Log_Chg
na,CPLITI01M_Secure_Lititz_Park Office_HR_Employee Log_Read
na,CPLITI01M_Secure_Lititz_Park Office_HR_HR Shared Files_Chg
na,CPLITI01M_Secure_Lititz_Park Office_HR_HR Shared Files_Read
na,CPLITI01M_Secure_Lititz_Park Office_HR_Legal Documents_Chg
na,CPLITI01M_Secure_Lititz_Park Office_HR_Legal Documents_Read
na,CPLITI01M_Secure_Lititz_Park Office_HR_Supplemental Payroll_Chg
na,CPLITI01M_Secure_Lititz_Park Office_HR_Supplemental Payroll_Read
na,CPLITI01M_Secure_Lititz_Park Office_IT_ABM_Change
na,CPLITI01M_Secure_Lititz_Park Office_IT_FISNA_Read
na,CPLITI01M_Secure_Lititz_Park Office_IT_Forms_Change
na,CPLITI01M_Secure_Lititz_Park Office_IT_Forms_Read
na,CPLITI01M_Secure_Lititz_Park Office_IT_MaximizerUpgrade_Change
na,CPLITI01M_Secure_Lititz_Park Office_IT_Telecomm_MM Doc_Chg
na,CPLITI01M_Secure_Lititz_Park Office_IT_Telecomm_MM Doc_Read
na,CPLITI01M_Secure_Lititz_Park Office_IT_Telecomm_PBX Doc_Chg
na,CPLITI01M_Secure_Lititz_Park Office_IT_Telecomm_PBX Doc_Read
na,CPLITI01M_Secure_Lititz_Park Office_Lead Team_Legal Doc_Change
na,CPLITI01M_Secure_Lititz_Park Office_Lead Team_Legal Doc_Read
na,CPLITI01M_Secure_Lititz_Park Office_Lead Team_Peters Int_Change
na,CPLITI01M_Secure_Lititz_Park Office_Lead Team_Peters Int_Read
na,CPLITI01M_Secure_Lititz_Park Office_Lead Team_Stagegate_Change
na,CPLITI01M_Secure_Lititz_Park Office_Lead Team_Stagegate_Read
na,CPLITI01M_Secure_Lititz_Park Office_Lead Team_Strategic Docs_Chg
na,CPLITI01M_Secure_Lititz_Park Office_Lead Team_Strategic Docs_Rd
na,CPLITI01M_Secure_Lititz_Park Office_Logistics_customs_change
na,CPLITI01M_Secure_Lititz_Park Office_Logistics_customs_read
na,CPLITI01M_Secure_Lititz_Park Office_Pricing_Change
na,CPLITI01M_Secure_Lititz_Park Office_Pricing_Read
na,CPLITI01M_Secure_Lititz_Park Office_Purchasing_BurlinCrumb_Chg
na,CPLITI01M_Secure_Lititz_Park Office_Purchasing_BurlinCrumb_Read
na,CPLITI01M_Secure_Lititz_park Office_Purchasing_Copackers_Change
na,CPLITI01M_Secure_Lititz_Park Office_Purchasing_Copackers_Read
na,CPLITI01M_Secure_Lititz_Park Office_Purchasing_ISO_Change
na,CPLITI01M_Secure_Lititz_Park Office_Purchasing_ISO_Read
na,CPLITI01M_Secure_Lititz_Park Office_Purchasing_PurchOrdFrm_Chg
na,CPLITI01M_Secure_Lititz_Park Office_Purchasing_PurchOrdFrm_Read
na,CPLITI01M_Secure_Lititz_Park Office_Purchasing_Whse Invent_Chang
na,CPLITI01M_Secure_Lititz_Park Office_Purchasing_Whse Invent_Read
na,CPLITI01M_Secure_Lititz_Park Office_Purchasing_WseInv_BudBar_Chg
na,CPLITI01M_Secure_Lititz_Park Office_Purchasing_WseInv_BudBar_Rea
na,CPLITI01M_Secure_Lititz_Park Office_Sales_Admin Support_Change
na,CPLITI01M_Secure_Lititz_Park Office_Sales_Admin Support_Read
na,CPLITI01M_Secure_Lititz_Park Office_Sales_Billing_Gerkens_Chg
na,CPLITI01M_Secure_Lititz_Park Office_Sales_Billing_Gerkens_Read
na,CPLITI01M_Secure_Lititz_Park Office_Sales_Billing_Peters_Chg
na,CPLITI01M_Secure_Lititz_Park Office_Sales_Billing_Peters_Read
na,CPLITI01M_Secure_Lititz_Park Office_Sales_Billing_Wilbur_Chg
na,CPLITI01M_Secure_Lititz_Park Office_Sales_Billing_Wilbur_Read
na,CPLITI01M_Secure_Lititz_Park Office_Sales_BUDGET_Change
na,CPLITI01M_Secure_Lititz_Park Office_Sales_Calenders_Change
na,CPLITI01M_Secure_Lititz_Park Office_Sales_Calenders_Read
na,CPLITI01M_Secure_Lititz_Park Office_Sales_Complain_Change
na,CPLITI01M_Secure_Lititz_Park Office_Sales_Complain_Read
na,CPLITI01M_Secure_Lititz_Park Office_Sales_CPUDB_Change
na,CPLITI01M_Secure_Lititz_Park Office_Sales_CPUDB_Read
na,CPLITI01M_Secure_Lititz_Park Office_Sales_CRT_Change
na,CPLITI01M_Secure_Lititz_Park Office_Sales_Expiring Lots_Change
na,CPLITI01M_Secure_Lititz_Park Office_Sales_Expiring Lots_Read
na,CPLITI01M_Secure_Lititz_Park Office_Sales_FC_Conigliaro_Chg
na,CPLITI01M_Secure_Lititz_Park Office_Sales_FC_Goes_Chg
na,CPLITI01M_Secure_Lititz_Park Office_Sales_FC_Jackson_Chg
na,CPLITI01M_Secure_Lititz_Park Office_Sales_FC_Leone_Chg
na,CPLITI01M_Secure_Lititz_Park Office_Sales_FC_Merhib_Chg
na,CPLITI01M_Secure_Lititz_Park Office_Sales_FC_Migdat_Chg
na,CPLITI01M_Secure_Lititz_Park Office_Sales_FC_Murray_Chg
na,CPLITI01M_Secure_Lititz_Park Office_Sales_FC_Mutch_Chg
na,CPLITI01M_Secure_Lititz_Park Office_Sales_FC_O'Brien_Chg
na,CPLITI01M_Secure_Lititz_Park Office_Sales_FC_O'Keefe_Chg
na,CPLITI01M_Secure_Lititz_Park Office_Sales_FC_Phelan_Chg
na,CPLITI01M_Secure_Lititz_Park Office_Sales_FC_Philhart_Chg
na,CPLITI01M_Secure_Lititz_Park Office_Sales_FC_Reed_Chg
na,CPLITI01M_Secure_Lititz_Park Office_Sales_FC_Roberts_Chg
na,CPLITI01M_Secure_Lititz_Park Office_Sales_FC_Sanford_Chg
na,CPLITI01M_Secure_Lititz_Park Office_Sales_FC_Shrewsbury_Chg
na,CPLITI01M_Secure_Lititz_Park Office_Sales_FC_Silfies_Chg
na,CPLITI01M_Secure_Lititz_Park Office_Sales_FC_Sofia_Chg
na,CPLITI01M_Secure_Lititz_Park Office_Sales_FC_Swanson_Chg
na,CPLITI01M_Secure_Lititz_Park Office_Sales_FC_Tessier_Chg
na,CPLITI01M_Secure_Lititz_Park Office_Sales_FC_Vetter_Chg
na,CPLITI01M_Secure_Lititz_Park Office_Sales_FC_Walton_Chg
na,CPLITI01M_Secure_Lititz_Park Office_Sales_FC_Weik_Chg
na,CPLITI01M_Secure_Lititz_Park Office_Sales_FC_Whittaker_Chg
na,CPLITI01M_Secure_Lititz_Park Office_Sales_FC_Witzel_Chg
na,CPLITI01M_Secure_Lititz_Park Office_Sales_Forecast_Change
na,CPLITI01M_Secure_Lititz_Park Office_Sales_Forecast_Discontin_Chg
na,CPLITI01M_Secure_Lititz_Park Office_Sales_Forecast_Discontin_Rd
na,CPLITI01M_Secure_Lititz_Park Office_Sales_Forecast_Read
na,CPLITI01M_Secure_Lititz_Park Office_Sales_Gerkens_ImpTrk_Change
na,CPLITI01M_Secure_Lititz_Park Office_Sales_Gerkens_ImpTrk_Read
na,CPLITI01M_Secure_Lititz_Park Office_Sales_Gerkens_Reports_Change
na,CPLITI01M_Secure_Lititz_Park Office_Sales_Gerkens_Reports_Read
na,CPLITI01M_Secure_Lititz_Park Office_Sales_Gerkens_WHSE_Change
na,CPLITI01M_Secure_Lititz_Park Office_Sales_Gerkens_WHSE_Read
na,CPLITI01M_Secure_Lititz_Park Office_Sales_GSS_ISO_Chg
na,CPLITI01M_Secure_Lititz_Park Office_Sales_GSS_ISO_Read
na,CPLITI01M_Secure_Lititz_Park Office_Sales_Inventory_Change
na,CPLITI01M_Secure_Lititz_Park Office_Sales_Inventory_Read
na,CPLITI01M_Secure_Lititz_Park Office_Sales_Inventory_Rpts_Change
na,CPLITI01M_Secure_Lititz_Park Office_Sales_Inventory_Rpts_Read
na,CPLITI01M_Secure_Lititz_Park Office_Sales_Marketg_Peter_Exp_Chg
na,CPLITI01M_Secure_Lititz_Park Office_Sales_Marketg_Wilbur_Exp_Chg
na,CPLITI01M_Secure_Lititz_Park Office_Sales_Marketing_Art_Files_Ch
na,CPLITI01M_Secure_Lititz_Park Office_Sales_Marketing_Change
na,CPLITI01M_Secure_Lititz_Park Office_Sales_Marketing_Read
na,CPLITI01M_Secure_Lititz_Park Office_Sales_New Item Info_Change
na,CPLITI01M_Secure_Lititz_Park Office_Sales_New Item Info_Read
na,CPLITI01M_Secure_Lititz_Park Office_Sales_Pats Curr Prj_Chg
na,CPLITI01M_Secure_Lititz_Park Office_Sales_Pats Curr Prj_Read
na,CPLITI01M_Secure_Lititz_Park Office_Sales_Peters Pricing_Chg
na,CPLITI01M_Secure_Lititz_Park Office_Sales_Peters Pricing_Read
na,CPLITI01M_Secure_Lititz_Park Office_Sales_Peters Sales Hist_Chg
na,CPLITI01M_Secure_Lititz_Park Office_Sales_Peters Sales Hist_Read
na,CPLITI01M_Secure_Lititz_Park Office_Sales_Product Labels_Change
na,CPLITI01M_Secure_Lititz_Park Office_Sales_Product Labels_Read
na,CPLITI01M_Secure_Lititz_Park Office_Sales_RetDisLogs_Change
na,CPLITI01M_Secure_Lititz_Park Office_Sales_RetDisLogs_Read
na,CPLITI01M_Secure_Lititz_Park Office_Sales_Rich Prods Projs_Chg
na,CPLITI01M_Secure_Lititz_Park Office_Sales_Rich Prods Projs_Read
na,CPLITI01M_Secure_Lititz_Park Office_Sales_Stock Products_Chg
na,CPLITI01M_Secure_Lititz_Park Office_Sales_Stock Products_Read
na,CPLITI01M_Secure_Lititz_Park Office_Sales_VacSched_Peters_Change
na,CPLITI01M_Secure_Lititz_Park Office_Sales_VacSched_Peters_Read
na,CPLITI01M_Secure_Lititz_Park Office_Sales_VacSched_Wilbur_Change
na,CPLITI01M_Secure_Lititz_Park Office_Sales_VacSched_Wilbur_Read
na,CPLITI01M_Secure_Lititz_Park Office_Sales_Website_change
na,CPLITI01M_Secure_Lititz_Park Office_Sales_Website_read
na,CPLITI01M_Secure_Lititz_Park Office_Sales_Wilbur Pricing_Chg
na,CPLITI01M_Secure_Lititz_Park Office_Sales_Wilbur Pricing_Read
na,CPLITI01M_Secure_Lititz_Park Office_Sales_WSS_ISO_Chg
na,CPLITI01M_Secure_Lititz_Park Office_Sales_WSS_ISO_Read
na,CPLITI01M_Secure_Lititz_Park Office_Supply Chain_Change
na,CPLITI01M_Secure_Lititz_Park Office_Supply Chain_Read
na,CPLITI01M_Secure_Lititz_Plant_Admin_Burlington Pictures_Change
na,CPLITI01M_Secure_Lititz_Plant_Admin_Capital_Change
na,CPLITI01M_Secure_Lititz_Plant_Admin_Choc Dept OT_Change
na,CPLITI01M_Secure_Lititz_Plant_Admin_Choc Dept OT_Read
na,CPLITI01M_Secure_Lititz_Plant_Admin_Gerkens App Logs_Change
na,CPLITI01M_Secure_Lititz_Plant_Admin_Gerkens App Logs_Read
na,CPLITI01M_Secure_Lititz_Plant_Admin_Lititz Vacation Hrly_Change
na,CPLITI01M_Secure_Lititz_Plant_Admin_Lititz Vacation Hrly_Read
na,CPLITI01M_Secure_Lititz_Plant_Admin_Presentations_Change
na,CPLITI01M_Secure_Lititz_Plant_Admin_Presentations_Read
na,CPLITI01M_Secure_Lititz_Plant_Admin_Prod Vac Sched_Change
na,CPLITI01M_Secure_Lititz_Plant_Admin_Prod Vac Sched_Read
na,CPLITI01M_Secure_Lititz_Plant_Admin_Research Logs_Change
na,CPLITI01M_Secure_Lititz_Plant_Admin_Research Logs_Read
na,CPLITI01M_Secure_Lititz_Plant_Admin_Tanker Check_Change
na,CPLITI01M_Secure_Lititz_Plant_Admin_Tanker Check_Read
na,CPLITI01M_Secure_Lititz_Plant_Admin_VP of Operations_Change
na,CPLITI01M_Secure_Lititz_Plant_AS400 Product List_Change
na,CPLITI01M_Secure_Lititz_Plant_AS400 Product List_Read
na,CPLITI01M_Secure_Lititz_Plant_BUDS_Change
na,CPLITI01M_Secure_Lititz_Plant_BUDS_Read
na,CPLITI01M_Secure_Lititz_Plant_Candy Store_Accounting_Change
na,CPLITI01M_Secure_Lititz_Plant_Candy Store_Accounting_Read
na,CPLITI01M_Secure_Lititz_Plant_Candy Store_Acctg_Fin Stk Tran_Chg
na,CPLITI01M_Secure_Lititz_Plant_Candy Store_Bus Campaign_Change
na,CPLITI01M_Secure_Lititz_Plant_Candy Store_Confidential Docs_Chg
na,CPLITI01M_Secure_Lititz_Plant_Candy Store_Curr Prj_Exp Req_Chg
na,CPLITI01M_Secure_Lititz_Plant_Candy Store_Curr Prj_Exp Req_Read
na,CPLITI01M_Secure_Lititz_Plant_Candy Store_Curr Prj_Inv Req_Chg
na,CPLITI01M_Secure_Lititz_Plant_Candy Store_Curr Prj_Inv Req_Read
na,CPLITI01M_Secure_Lititz_Plant_Candy Store_Exp Purch Crd Trk_Chg
na,CPLITI01M_Secure_Lititz_Plant_Candy Store_Inv_Change
na,CPLITI01M_Secure_Lititz_Plant_Candy Store_Inv_Read
na,CPLITI01M_Secure_Lititz_Plant_Candy Store_Labels_Change
na,CPLITI01M_Secure_Lititz_Plant_Candy Store_Labels_Read
na,CPLITI01M_Secure_Lititz_Plant_Candy Store_Purchase Track_Change
na,CPLITI01M_Secure_Lititz_Plant_Candy Store_Wages_Change
na,CPLITI01M_Secure_Lititz_Plant_Candy Store_Wages_Read
na,CPLITI01M_Secure_Lititz_Plant_Engineering_ACAD_Prj_MJoy_Read
na,CPLITI01M_Secure_Lititz_Plant_Engineering_Assist Reports_Change
na,CPLITI01M_Secure_Lititz_Plant_Engineering_Assist Reports_Read
na,CPLITI01M_Secure_Lititz_Plant_Engineering_AutoCAD_Change
na,CPLITI01M_Secure_Lititz_Plant_Engineering_AutoCAD_Read
na,CPLITI01M_Secure_Lititz_Plant_Engineering_Cgill Energy Repor_Chg
na,CPLITI01M_Secure_Lititz_Plant_Engineering_Cgill Energy Repor_Rea
na,CPLITI01M_Secure_Lititz_Plant_Engineering_Contract Insuranc_Chg
na,CPLITI01M_Secure_Lititz_Plant_Engineering_Contract Insuranc_Read
na,CPLITI01M_Secure_Lititz_Plant_Engineering_Energy Forecast_Change
na,CPLITI01M_Secure_Lititz_Plant_Engineering_Energy Forecast_Read
na,CPLITI01M_Secure_Lititz_Plant_Engineering_Engineering Mtg_Chg
na,CPLITI01M_Secure_Lititz_Plant_Engineering_Engineering Mtg_Read
na,CPLITI01M_Secure_Lititz_Plant_Engineering_Glbl Rsk Insuranc_Read
na,CPLITI01M_Secure_Lititz_Plant_Engineering_Glbl Rsk Insurance_Chg
na,CPLITI01M_Secure_Lititz_Plant_Engineering_ISO SF Drafts_Change
na,CPLITI01M_Secure_Lititz_Plant_Engineering_Nat Gas Elec_Change
na,CPLITI01M_Secure_Lititz_Plant_Engineering_Nat Gas Elec_Read
na,CPLITI01M_Secure_Lititz_Plant_Engineering_Nitrogen Specs_Change
na,CPLITI01M_Secure_Lititz_Plant_Engineering_Nitrogen Specs_Read
na,CPLITI01M_Secure_Lititz_Plant_Engineering_Permits Approvals_Chge
na,CPLITI01M_Secure_Lititz_Plant_Engineering_Permits Approvals_Read
na,CPLITI01M_Secure_Lititz_Plant_Engineering_Peters_Change
na,CPLITI01M_Secure_Lititz_Plant_Engineering_Peters_Read
na,CPLITI01M_Secure_Lititz_Plant_Engineering_UGI Gas Bills_Change
na,CPLITI01M_Secure_Lititz_Plant_Engineering_UGI Gas Bills_Read
na,CPLITI01M_Secure_Lititz_Plant_Engineering_wellreports_change
na,CPLITI01M_Secure_Lititz_Plant_Engineering_wellreports_read
na,CPLITI01M_Secure_Lititz_Plant_Human Res_Change
na,CPLITI01M_Secure_Lititz_Plant_Human Res_EmpTrLogs_Change
na,CPLITI01M_Secure_Lititz_Plant_Human Res_EmpTrLogs_Read
na,CPLITI01M_Secure_Lititz_Plant_Human Res_HRForms_Change
na,CPLITI01M_Secure_Lititz_Plant_Human Res_HRForms_Read
na,CPLITI01M_Secure_Lititz_Plant_Human Res_HRFrms_Warn_Change
na,CPLITI01M_Secure_Lititz_Plant_Human Res_Read
na,CPLITI01M_Secure_Lititz_Plant_Maintenance_Admin_Change
na,CPLITI01M_Secure_Lititz_Plant_Maintenance_Admin_read
na,CPLITI01M_Secure_Lititz_Plant_Maintenance_Allied CBM_Change
na,CPLITI01M_Secure_Lititz_Plant_Maintenance_Allied CBM_Read
na,CPLITI01M_Secure_Lititz_Plant_Maintenance_Asbestos_Change
na,CPLITI01M_Secure_Lititz_Plant_Maintenance_Asbestos_Read
na,CPLITI01M_Secure_Lititz_Plant_Maintenance_Automation_Change
na,CPLITI01M_Secure_Lititz_Plant_Maintenance_Automation_Read
na,CPLITI01M_Secure_Lititz_Plant_Maintenance_Inspections_Change
na,CPLITI01M_Secure_Lititz_Plant_Maintenance_Inspections_Read
na,CPLITI01M_Secure_Lititz_Plant_Maintenance_Inventory_Change
na,CPLITI01M_Secure_Lititz_Plant_Maintenance_Inventory_Read
na,CPLITI01M_Secure_Lititz_Plant_Maintenance_Lititz-MJ Comm_Change
na,CPLITI01M_Secure_Lititz_Plant_Maintenance_Lititz-MJ Comm_Read
na,CPLITI01M_Secure_Lititz_Plant_Maintenance_Meter Rdgs_Change
na,CPLITI01M_Secure_Lititz_Plant_Maintenance_Meter Rdgs_Read
na,CPLITI01M_Secure_Lititz_Plant_Maintenance_PI_Change
na,CPLITI01M_Secure_Lititz_Plant_Maintenance_PI_Read
na,CPLITI01M_Secure_Lititz_Plant_Maintenance_Planning_change
na,CPLITI01M_Secure_Lititz_Plant_Maintenance_Planning_read
na,CPLITI01M_Secure_Lititz_Plant_Maintenance_Purchasing_Change
na,CPLITI01M_Secure_Lititz_Plant_Maintenance_Purchasing_Read
na,CPLITI01M_Secure_Lititz_Plant_Maintenance_Safety Inspection_Chng
na,CPLITI01M_Secure_Lititz_Plant_Maintenance_Safety Inspection_Read
na,CPLITI01M_Secure_Lititz_Plant_Maintenance_Sched Input_Change
na,CPLITI01M_Secure_Lititz_Plant_Maintenance_Schedule_Change
na,CPLITI01M_Secure_Lititz_Plant_Maintenance_Schedule_Read
na,CPLITI01M_Secure_Lititz_Plant_Maintenance_VideoClips_Change
na,CPLITI01M_Secure_Lititz_Plant_Maintenance_VideoClips_Read
na,CPLITI01M_Secure_Lititz_Plant_Production_Demand Planning_Change
na,CPLITI01M_Secure_Lititz_Plant_Production_Demand Planning_Read
na,CPLITI01M_Secure_Lititz_Plant_Production_Forecasts_Change
na,CPLITI01M_Secure_Lititz_Plant_Production_Forecasts_Read
na,CPLITI01M_Secure_Lititz_Plant_Production_Formulas_3_Change
na,CPLITI01M_Secure_Lititz_Plant_Production_Formulas_3_Read
na,CPLITI01M_Secure_Lititz_Plant_Production_Formulas_3a_Change
na,CPLITI01M_Secure_Lititz_Plant_Production_Formulas_3a_Read
na,CPLITI01M_Secure_Lititz_Plant_Production_Formulas_3c_Change
na,CPLITI01M_Secure_Lititz_Plant_Production_Formulas_3c_Read
na,CPLITI01M_Secure_Lititz_Plant_Production_Formulas_Panning_Change
na,CPLITI01M_Secure_Lititz_Plant_Production_Formulas_Panning_Read
na,CPLITI01M_Secure_Lititz_Plant_Production_Formulas_Revisions_Chan
na,CPLITI01M_Secure_Lititz_Plant_Production_Formulas_Revisions_Read
na,CPLITI01M_Secure_Lititz_Plant_Production_Formulas_WCDC_Read
na,CPLITI01M_Secure_Lititz_Plant_Production_Formulas_WCDC_Write
na,CPLITI01M_Secure_Lititz_Plant_Production_GMP Inspections_Change
na,CPLITI01M_Secure_Lititz_Plant_Production_GMP Inspections_Read
na,CPLITI01M_Secure_Lititz_Plant_Production_HrlyPhoneNum_Change
na,CPLITI01M_Secure_Lititz_Plant_Production_HrlyPhoneNum_Read
na,CPLITI01M_Secure_Lititz_Plant_Production_Labels_Change
na,CPLITI01M_Secure_Lititz_Plant_Production_Labels_Read
na,CPLITI01M_Secure_Lititz_Plant_Production_Moulding_Change
na,CPLITI01M_Secure_Lititz_Plant_Production_Moulding_Read
na,CPLITI01M_Secure_Lititz_Plant_Production_Oil Schedule_Change
na,CPLITI01M_Secure_Lititz_Plant_Production_Oil Schedule_Read
na,CPLITI01M_Secure_Lititz_Plant_Production_Operations_Change
na,CPLITI01M_Secure_Lititz_Plant_Production_Operations_Read
na,CPLITI01M_Secure_Lititz_Plant_Production_Presentations_Change
na,CPLITI01M_Secure_Lititz_Plant_Production_Presentations_Read
na,CPLITI01M_Secure_Lititz_Plant_Production_ProductReports_Change
na,CPLITI01M_Secure_Lititz_Plant_Production_ProductReports_Read
na,CPLITI01M_Secure_Lititz_Plant_Production_Reprocessed_Change
na,CPLITI01M_Secure_Lititz_Plant_Production_Reprocessed_Read
na,CPLITI01M_Secure_Lititz_Plant_Production_Rework_Change
na,CPLITI01M_Secure_Lititz_Plant_Production_Rework_Read
na,CPLITI01M_Secure_Lititz_Plant_Production_Safety_Code Book_Chg
na,CPLITI01M_Secure_Lititz_Plant_Production_Safety_Code Book_Read
na,CPLITI01M_Secure_Lititz_Plant_Production_Safety_Emerg Plan_Chg
na,CPLITI01M_Secure_Lititz_Plant_Production_Safety_Emerg Plan_Read
na,CPLITI01M_Secure_Lititz_Plant_Production_Safety_MSDS_Change
na,CPLITI01M_Secure_Lititz_Plant_Production_Safety_MSDS_Read
na,CPLITI01M_Secure_Lititz_Plant_Production_Schedule_Change
na,CPLITI01M_Secure_Lititz_Plant_Production_Schedule_LititzLiq_Chg
na,CPLITI01M_Secure_Lititz_Plant_Production_Schedule_LititzLiq_Read
na,CPLITI01M_Secure_Lititz_Plant_Production_Schedule_Read
na,CPLITI01M_Secure_Lititz_Plant_Production_Schedule_Schedules_Chge
na,CPLITI01M_Secure_Lititz_Plant_Production_Union Info_Change
na,CPLITI01M_Secure_Lititz_Plant_Production_Union Info_Read
na,CPLITI01M_Secure_Lititz_Plant_Production_Waste Reduction_Change
na,CPLITI01M_Secure_Lititz_Plant_Production_Waste Reduction_Read
na,CPLITI01M_Secure_Lititz_Plant_Production_Waste_Change
na,CPLITI01M_Secure_Lititz_Plant_Production_Waste_Read
na,CPLITI01M_Secure_Lititz_Plant_Tech_Ingredient Pricing_Change
na,CPLITI01M_Secure_Lititz_Plant_Tech_Ingredient Pricing_Read
na,CPLITI01M_Secure_Lititz_Plant_Tech_ProdInfo_Hershey_Sensory_Chg
na,CPLITI01M_Secure_Lititz_Plant_Tech_ProdInfo_Hershey_Sensory_Rd
na,CPLITI01M_Secure_Lititz_Plant_Tech_ProdInfo_LNCS_Grkns_Chg
na,CPLITI01M_Secure_Lititz_Plant_Tech_ProdInfo_LNCS_Grkns_Read
na,CPLITI01M_Secure_Lititz_Plant_Tech_ProdInfo_LNCS_Peters_Chg
na,CPLITI01M_Secure_Lititz_Plant_Tech_ProdInfo_LNCS_Peters_Read
na,CPLITI01M_Secure_Lititz_Plant_Tech_ProdInfo_LNCS_Veliche_Chg
na,CPLITI01M_Secure_Lititz_Plant_Tech_ProdInfo_LNCS_Veliche_Read
na,CPLITI01M_Secure_Lititz_Plant_Tech_ProdInfo_LNCS_Wilbur_Chg
na,CPLITI01M_Secure_Lititz_Plant_Tech_ProdInfo_LNCS_Wilbur_Read
na,CPLITI01M_Secure_Lititz_Plant_Tech_ProdInfo_Nestle_Sensory_Chg
na,CPLITI01M_Secure_Lititz_Plant_Tech_ProdInfo_Nestle_Sensory_Read
na,CPLITI01M_Secure_Lititz_Plant_Tech_ProdInfo_NutData_Grkns_Chg
na,CPLITI01M_Secure_Lititz_Plant_Tech_ProdInfo_NutData_Grkns_Read
na,CPLITI01M_Secure_Lititz_Plant_Tech_ProdInfo_NutData_Lab Use_Chg
na,CPLITI01M_Secure_Lititz_Plant_Tech_ProdInfo_NutData_Lab Use_Read
na,CPLITI01M_Secure_Lititz_Plant_Tech_ProdInfo_NutData_Peters_Chg
na,CPLITI01M_Secure_Lititz_Plant_Tech_ProdInfo_NutData_Peters_Read
na,CPLITI01M_Secure_Lititz_Plant_Tech_ProdInfo_NutData_Wilbur_Chg
na,CPLITI01M_Secure_Lititz_Plant_Tech_ProdInfo_NutData_Wilbur_Read
na,CPLITI01M_Secure_Lititz_Plant_Tech_ProdInfo_ShelfLife_Grkns_Chg
na,CPLITI01M_Secure_Lititz_Plant_Tech_ProdInfo_ShelfLife_Grkns_Read
na,CPLITI01M_Secure_Lititz_Plant_Tech_ProdInfo_ShelfLife_Peters_Chg
na,CPLITI01M_Secure_Lititz_Plant_Tech_ProdInfo_ShelfLife_Peters_Rea
na,CPLITI01M_Secure_Lititz_Plant_Tech_ProdInfo_ShelfLife_Wlbr_Chg
na,CPLITI01M_Secure_Lititz_Plant_Tech_ProdInfo_ShelfLife_Wlbr_Read
na,CPLITI01M_Secure_Lititz_Plant_Tech_ProdInfo_Spec_Co-Packers_Chg
na,CPLITI01M_Secure_Lititz_Plant_Tech_ProdInfo_Spec_Co-Packers_Read
na,CPLITI01M_Secure_Lititz_Plant_Tech_ProdInfo_Spec_Grkns_Braz_Chg
na,CPLITI01M_Secure_Lititz_Plant_Tech_ProdInfo_Spec_Grkns_Braz_Rea
na,CPLITI01M_Secure_Lititz_Plant_Tech_ProdInfo_Spec_Grkns_France_Ch
na,CPLITI01M_Secure_Lititz_Plant_Tech_ProdInfo_Spec_Grkns_France_Re
na,CPLITI01M_Secure_Lititz_Plant_Tech_ProdInfo_Spec_Grkns_Holl_Chg
na,CPLITI01M_Secure_Lititz_Plant_Tech_ProdInfo_Spec_Grkns_Holl_Rea
na,CPLITI01M_Secure_Lititz_Plant_Tech_ProdInfo_Spec_Grkns_Ivory_Chg
na,CPLITI01M_Secure_Lititz_Plant_Tech_ProdInfo_Spec_Grkns_Ivory_Rea
na,CPLITI01M_Secure_Lititz_Plant_Tech_ProdInfo_Spec_Grkns_Libra_Chg
na,CPLITI01M_Secure_Lititz_Plant_Tech_ProdInfo_Spec_Grkns_Libra_Rea
na,CPLITI01M_Secure_Lititz_Plant_Tech_ProdInfo_Spec_Lab Use_Chg
na,CPLITI01M_Secure_Lititz_Plant_Tech_ProdInfo_Spec_Lab Use_Read
na,CPLITI01M_Secure_Lititz_Plant_Tech_ProdInfo_Spec_Peters_Change
na,CPLITI01M_Secure_Lititz_Plant_Tech_ProdInfo_Spec_Peters_Read
na,CPLITI01M_Secure_Lititz_Plant_Tech_ProdInfo_Spec_RawMatSpec_Chg
na,CPLITI01M_Secure_Lititz_Plant_Tech_ProdInfo_Spec_RawMatSpec_Read
na,CPLITI01M_Secure_Lititz_Plant_Tech_ProdInfo_Spec_Veliche_Chg
na,CPLITI01M_Secure_Lititz_Plant_Tech_ProdInfo_Spec_Veliche_Read
na,CPLITI01M_Secure_Lititz_Plant_Tech_ProdInfo_Spec_Wilbur_Change
na,CPLITI01M_Secure_Lititz_Plant_Tech_ProdInfo_Spec_Wilbur_Read
na,CPLITI01M_Secure_Lititz_Plant_Tech_ProdInfo_Stmts_Grkns_Chg
na,CPLITI01M_Secure_Lititz_Plant_Tech_ProdInfo_Stmts_Grkns_Read
na,CPLITI01M_Secure_Lititz_Plant_Tech_ProdInfo_Stmts_NotGrk_Chg
na,CPLITI01m_Secure_Lititz_Plant_Tech_ProdInfo_Stmts_NotGrk_Read
na,CPLITI01M_Secure_Lititz_Plant_Tech_ProdInfo_Stmts_Peters_Chg
na,CPLITI01M_Secure_Lititz_Plant_Tech_ProdInfo_Stmts_Peters_Read
na,CPLITI01M_Secure_Lititz_Plant_Tech_ProdInfo_Stmts_Wlbr_Chg
na,CPLITI01M_Secure_Lititz_Plant_Tech_ProdInfo_Stmts_Wlbr_Read
na,CPLITI01M_Secure_Lititz_Plant_Tech_ProdInfo_Stock Prod_Change
na,CPLITI01M_Secure_Lititz_Plant_Tech_ProdInfo_Stock Prod_read
na,CPLITI01M_Secure_Lititz_Plant_Tech_Qual Assur_AdageCOA_Change
na,CPLITI01M_Secure_Lititz_Plant_Tech_Qual Assur_AdageCOA_Read
na,CPLITI01M_Secure_Lititz_Plant_Tech_Qual Assur_Analytical_Change
na,CPLITI01M_Secure_Lititz_Plant_Tech_Qual Assur_Analytical_Read
na,CPLITI01M_Secure_Lititz_Plant_Tech_Qual Assur_ChgOvr Proc_Chg
na,CPLITI01M_Secure_Lititz_Plant_Tech_Qual Assur_ChgOvr Proc_Read
na,CPLITI01M_Secure_Lititz_Plant_Tech_Qual Assur_Finish Prod_Change
na,CPLITI01M_Secure_Lititz_Plant_Tech_Qual Assur_Finish Prod_Read
na,CPLITI01M_Secure_Lititz_Plant_Tech_Qual Assur_HACCP_Change
na,CPLITI01M_Secure_Lititz_Plant_Tech_Qual Assur_HACCP_Read
na,CPLITI01M_Secure_Lititz_Plant_Tech_Qual Assur_Micro Lab_Change
na,CPLITI01M_Secure_Lititz_Plant_Tech_Qual Assur_Micro Lab_Read
na,CPLITI01M_Secure_Lititz_Plant_Tech_Qual Assur_MSDS_Change
na,CPLITI01M_Secure_Lititz_Plant_Tech_Qual Assur_MSDS_Read
na,CPLITI01M_Secure_Lititz_Plant_Tech_Qual Assur_On Hold_Change
na,CPLITI01M_Secure_Lititz_Plant_Tech_Qual Assur_On Hold_Read
na,CPLITI01M_Secure_Lititz_Plant_Tech_Qual Assur_Raw Materials_Chg
na,CPLITI01M_Secure_Lititz_Plant_Tech_Qual Assur_Raw Materials_Read
na,CPLITI01M_Secure_Lititz_Plant_Tech_Qual Assur_Rework_Chg
na,CPLITI01M_Secure_Lititz_Plant_Tech_Qual Assur_Rework_Read
na,CPLITI01M_Secure_Lititz_Plant_Tech_Qual Assur_Suppliers_Chg
na,CPLITI01M_Secure_Lititz_Plant_Tech_Qual Assur_Suppliers_Read
na,CPLITI01M_Secure_Lititz_Plant_Tech_Qual Assur_Viscosity_Chg
na,CPLITI01M_Secure_Lititz_Plant_Tech_Qual Assur_Viscosity_Read
na,CPLITI01M_Secure_Lititz_Plant_Tech_Qual Assur_WL HACCP_Change
na,CPLITI01M_Secure_Lititz_Plant_Tech_Qual Assur_WL HACCP_Read
na,CPLITI01M_Secure_Lititz_Plant_Technical_Hershey Envrn_Chg
na,CPLITI01M_Secure_Lititz_Plant_Technical_Hershey Envrn_Read
na,CPLITI01M_Secure_Lititz_Plant_Technical_Prod Dev_Calenders_Chang
na,CPLITI01M_Secure_Lititz_Plant_Technical_Prod Dev_Calenders_Read
na,CPLITI01M_Secure_Lititz_Plant_Technical_ProdInfo_Comp List_Chg
na,CPLITI01M_Secure_Lititz_Plant_Technical_ProdInfo_Comp List_Read
na,CPLITI01M_Secure_Lititz_Plant_Technical_ProdInfo_Comp Specs_Chg
na,CPLITI01M_Secure_Lititz_Plant_Technical_ProdInfo_Comp Specs_Read
na,CPLITI01M_Secure_Lititz_Plant_Technical_ProdInfo_Kosher_Change
na,CPLITI01M_Secure_Lititz_Plant_Technical_ProdInfo_Kosher_Read
na,CPLITI01M_Secure_Lititz_Plant_Technical_ProdInfo_MSDS_Grkns_Chg
na,CPLITI01M_Secure_Lititz_Plant_Technical_ProdInfo_MSDS_Grkns_Read
na,CPLITI01M_Secure_Lititz_Plant_Technical_ProdInfo_MSDS_Peters_Chg
na,CPLITI01M_Secure_Lititz_Plant_Technical_ProdInfo_MSDS_Peters_Rea
na,CPLITI01M_Secure_Lititz_Plant_Technical_ProdInfo_MSDS_Veliche_Ch
na,CPLITI01M_Secure_Lititz_Plant_Technical_Prodinfo_MSDS_Veliche_Rd
na,CPLITI01M_Secure_Lititz_Plant_Technical_ProdInfo_MSDS_Wilbu_Chg
na,CPLITI01M_Secure_Lititz_Plant_Technical_ProdInfo_MSDS_Wilbu_Read
na,CPLITI01M_Secure_Lititz_Plant_Technical_ProdInfo_StkProdSmp_Chg
na,CPLITI01M_Secure_Lititz_Plant_Technical_SQI_Change
na,CPLITI01M_Secure_Lititz_Plant_Technical_SQI_Read
na,CPLITI01M_Secure_Lititz_Plnt_Tch_Prd Dev_EPPM_Change
na,CPLITI01M_Secure_Lititz_Plnt_Tch_Prd Dev_EPPM_Read
na,CPLITI01M_Secure_Lititz_Plnt_Tch_Prd Dev_Prj_Choc_Nw PrjStat_Chg
na,CPLITI01M_Secure_Lititz_Plnt_Tch_Prd Dev_Prj_Choc_Nw PrjStat_Rea
na,CPLITI01M_Secure_Lititz_Plnt_Tch_Prd Dev_Prj_Choc_Prd Cod Bk_Chg
na,CPLITI01M_Secure_Lititz_Plnt_Tch_Prd Dev_Prj_Choc_Prd Cod Bk_Rea
na,CPLITI01M_Secure_Lititz_Plnt_Tch_Prd Dev_Prj_Choc_Prj Formul_Chg
na,CPLITI01M_Secure_Lititz_Plnt_Tch_Prd Dev_Prj_Choc_Prj Formul_Rea
na,CPLITI01M_Secure_Lititz_Plnt_Tch_Prd Dev_Prj_Prod Valid_Change
na,CPLITI01M_Secure_Lititz_Plnt_Tch_Prd Dev_Prj_Prod Valid_Read
na,CPLITI01M_Secure_Lititz_Plnt_Tch_Prd Dev_Project_Cocoa Prj_Chg
na,CPLITI01M_Secure_Lititz_Plnt_Tch_Prd Dev_Project_Cocoa Prj_Read
na,CPLITI01M_Secure_Lititz_Plnt_Tch_Prod Dev_Prj_Proj Req_Chg
na,CPLITI01M_Secure_Lititz_Plnt_Tch_Prod Dev_Prj_Proj Req_Read
na,CPLITI01M_Secure_Mount Joy_Administration_Employee Notifica_Chng
na,CPLITI01M_Secure_Mount Joy_Administration_Employee Notifica_Read
na,CPLITI01M_Secure_Mount Joy_Administration_HourlyVacation_Chng
na,CPLITI01M_Secure_Mount Joy_Administration_HourlyVacation_Read
na,CPLITI01M_Secure_Mount Joy_Administration_Incentive_Chg
na,CPLITI01M_Secure_Mount Joy_Engr_AutoCAD_Elec Dwg_Chg
na,CPLITI01M_Secure_Mount Joy_Engr_AutoCAD_Elec Dwg_Read
na,CPLITI01M_Secure_Mount Joy_Engr_AutoCAD_Mech Dwg_Chg
na,CPLITI01M_Secure_Mount Joy_Engr_AutoCAD_Mech Dwg_Read
na,CPLITI01M_Secure_Mount Joy_Maintenance_Admin_Change
na,CPLITI01M_Secure_Mount Joy_Maintenance_Admin_Read
na,CPLITI01M_Secure_Mount Joy_Maintenance_Automation_Change
na,CPLITI01M_Secure_Mount Joy_Maintenance_Automation_Read
na,CPLITI01M_Secure_Mount Joy_Maintenance_Inspections_Change
na,CPLITI01M_Secure_Mount Joy_Maintenance_Inspections_Read
na,CPLITI01M_Secure_Mount Joy_Maintenance_Inventory_Change
na,CPLITI01M_Secure_Mount Joy_Maintenance_Inventory_Read
na,CPLITI01M_Secure_Mount Joy_Maintenance_ISO Proc_Binders_Chg
na,CPLITI01M_Secure_Mount Joy_Maintenance_ISO Proc_Binders_Read
na,CPLITI01M_Secure_Mount Joy_Maintenance_ISO Proc_CT_Chg
na,CPLITI01M_Secure_Mount Joy_Maintenance_ISO Proc_CT_Read
na,CPLITI01M_Secure_Mount Joy_Maintenance_ISO Proc_PT_Chg
na,CPLITI01M_Secure_Mount Joy_Maintenance_ISO Proc_PT_Read
na,CPLITI01M_Secure_Mount Joy_Maintenance_Meter Readings_Change
na,CPLITI01M_Secure_Mount Joy_Maintenance_Meter Readings_Read
na,CPLITI01M_Secure_Mount Joy_Maintenance_MP2Pictures_Change
na,CPLITI01M_Secure_Mount Joy_Maintenance_MP2Pictures_Read
na,CPLITI01M_Secure_Mount Joy_Maintenance_Planning_Change
na,CPLITI01M_Secure_Mount Joy_Maintenance_Planning_Read
na,CPLITI01M_Secure_Mount Joy_Maintenance_Sched Input_Change
na,CPLITI01M_Secure_Mount Joy_Maintenance_Scheduiling_Change
na,CPLITI01M_Secure_Mount Joy_Maintenance_Scheduiling_Read
na,CPLITI01M_Secure_Mount Joy_Plant_Maintenance_MRBP_Change
na,CPLITI01M_Secure_Mount Joy_Plant_Maintenance_MRBP_Read
na,CPLITI01M_Secure_Mount Joy_Prod_Formulas_Chocolate_Chg
na,CPLITI01M_Secure_Mount Joy_Prod_Formulas_Chocolate_Read
na,CPLITI01M_Secure_Mount Joy_Prod_Formulas_Liquor_Chg
na,CPLITI01M_Secure_Mount Joy_Prod_Formulas_Liquor_Read
na,CPLITI01M_Secure_Mount Joy_Production_DailyOps_Change
na,CPLITI01M_Secure_Mount Joy_Production_DailyOps_Read
na,CPLITI01M_Secure_Mount Joy_Production_DailyProcs_BeanUN_Chg
na,CPLITI01M_Secure_Mount Joy_Production_DailyProcs_Change
na,CPLITI01M_Secure_Mount Joy_Production_DailyProcs_Read
na,CPLITI01M_Secure_Mount Joy_Production_JMontalvo_Change
na,CPLITI01M_Secure_Mount Joy_Production_Labels_Change
na,CPLITI01M_Secure_Mount Joy_Production_Labels_Read
na,CPLITI01M_Secure_Mount Joy_Production_LPP DataLogger_Change
na,CPLITI01M_Secure_Mount Joy_Production_LPP DataLogger_Read
na,CPLITI01M_Secure_Mount Joy_Production_Production_Tracker_Chg
na,CPLITI01M_Secure_Mount Joy_Production_Production_Tracker_Read
na,CPLITI01M_Secure_Mount Joy_Production_Schedule_Change
na,CPLITI01M_Secure_Mount Joy_Production_Schedule_Read
na,CPLITI01M_Secure_Mount Joy_Tech_Prod Info_Specs_Liquor_Chg
na,CPLITI01M_Secure_Mount Joy_Tech_Prod Info_Specs_Liquor_Read
na,CPLITI01M_Secure_Mount Joy_Tech_QA_Adage_Change
na,CPLITI01M_Secure_Mount Joy_Tech_QA_Adage_Read
na,CPLITI01M_Secure_Mount Joy_Tech_QA_Bean Yield Prj_Change
na,CPLITI01M_Secure_Mount Joy_Tech_QA_Bean Yield Prj_Read
na,CPLITI01M_Secure_Mount Joy_Tech_QA_COAs_Change
na,CPLITI01M_Secure_Mount Joy_Tech_QA_COAs_Read
na,CPLITI01M_Secure_Mount Joy_Tech_QA_CocoaBeans_Change
na,CPLITI01M_Secure_Mount Joy_Tech_QA_CocoaBeans_Read
na,CPLITI01M_Secure_Mount Joy_Tech_QA_CustomerFiles_Change
na,CPLITI01M_Secure_Mount Joy_Tech_QA_CustomerFiles_Read
na,CPLITI01M_Secure_Mount Joy_Tech_QA_Database_Change
na,CPLITI01M_Secure_Mount Joy_Tech_QA_Database_Read
na,CPLITI01M_Secure_Mount Joy_Tech_QA_FoodSafety_Change
na,CPLITI01M_Secure_Mount Joy_Tech_QA_FoodSafety_Read
na,CPLITI01M_Secure_Mount Joy_Tech_QA_Liquor_Change
na,CPLITI01M_Secure_Mount Joy_Tech_QA_Liquor_Read
na,CPLITI01M_Secure_Mount Joy_Tech_QA_Micro Results_Chg
na,CPLITI01M_Secure_Mount Joy_Tech_QA_Micro Results_Read
na,CPLITI01M_Secure_Mount Joy_Tech_QA_Miscell. Lab Files_Change
na,CPLITI01M_Secure_Mount Joy_Tech_QA_Miscell. Lab Files_Read
na,CPLITI01M_Secure_Mount Joy_Tech_QA_Mock Recalls_Chg
na,CPLITI01M_Secure_Mount Joy_Tech_QA_Mock Recalls_Read
na,CPLITI01M_Secure_Mount Joy_Tech_QA_Product Files_Change
na,CPLITI01M_Secure_Mount Joy_Tech_QA_Product Files_Read
na,CPLITI01M_Secure_Mount Joy_Tech_QA_Quality Meetings_Change
na,CPLITI01M_Secure_Mount Joy_Tech_QA_Quality Meetings_Read
na,CPLITI01M_Secure_Mount Joy_Tech_QA_Rework_Change
na,CPLITI01M_Secure_Mount Joy_Tech_QA_Rework_Read
na,CPLITI01M_Secure_Plant_Maintenance_Allied_CBM_Read
na,CPLITI01M_Secure_Policies_Business Team Process Manual_Change
na,CPLITI01M_Secure_Policies_Business Team Process Manual_Read
na,CPLITI01M_Secure_Policies_Core Team Minutes Register_Change
na,CPLITI01M_Secure_Policies_Core Team Minutes Register_Read
na,CPLITI01M_Secure_Policies_Maint Team Proc Manual_Change
na,CPLITI01M_Secure_Policies_Maint Team Proc Manual_Read
na,CPLITI01M_Secure_Policies_Safety_Emer Plans_Lititz_Dist Ctr_Chg
na,CPLITI01M_Secure_Policies_Safety_Emer Plans_Lititz_Dist Ctr_Read
na,CPLITI01M_Secure_Policies_Safety_Emer Plans_Lititz_Park Off_Chg
na,CPLITI01M_Secure_Policies_Safety_Emer Plans_Lititz_Park Off_Read
na,CPLITI01M_Secure_Policies_Safety_Emer Plans_Lititz_Plant_Chg
na,CPLITI01M_Secure_Policies_Safety_Emer Plans_Lititz_Plant_Read
na,CPLITI01M_Secure_Policies_Safety_Emer Plans_Mount Joy_Chg
na,CPLITI01M_Secure_Policies_Safety_Emer Plans_Mount Joy_Read
na,CPLITI01M_Secure_Policies_Safety_WEM_Change
na,CPLITI01M_Secure_Policies_Safety_WEM_Read
na,CPLITI01M_Secure_Policies_Safety_WSM_Change
na,CPLITI01M_Secure_Policies_Safety_WSM_Read
na,CPLITI01M_Secure_Projects_CostCurve_Change
na,CPLITI01M_Secure_Projects_CostCurve_Read
na,CPLITI01M_Secure_Projects_Strategy_Change
na,CPLITI01M_Secure_Projects_Strategy_Read
na,CPLITI01M_Secure_Projects_Value Driver Project_Change
na,CPLITI01M_Secure_Projects_Value Driver Project_Read
na,CPLITI01M_Secure_QM_Lititz_Man_Depts_DistCenter_Chng
na,CPLITI01M_Secure_QM_Lititz_Man_Depts_DistCenter_Read
na,CPLITI01M_Secure_QM_Lititz_Man_Depts_Logistics_Dept Man_Change
na,CPLITI01M_Secure_QM_Lititz_Man_Depts_Logistics_Dept Man_Read
na,CPLITI01M_Secure_QM_Lititz_Man_Depts_Maintenance_Dept Man_Change
na,CPLITI01M_Secure_QM_Lititz_Man_Depts_Maintenance_Dept Man_Read
na,CPLITI01M_Secure_QM_Lititz_Man_Depts_Micro Lab_Calib Man_Chg
na,CPLITI01M_Secure_QM_Lititz_Man_Depts_Micro Lab_Calib Man_Read
na,CPLITI01M_Secure_QM_Lititz_Man_Depts_Micro Lab_Dept Man_Chg
na,CPLITI01M_Secure_QM_Lititz_Man_Depts_Micro Lab_Dept Man_Read
na,CPLITI01M_Secure_QM_Lititz_Man_Depts_PrdDev_DeptMan_ChocMan_Chg
na,CPLITI01M_Secure_QM_Lititz_Man_Depts_PrdDev_DeptMan_ChocMan_Read
na,CPLITI01M_Secure_QM_Lititz_Man_Depts_PrdDev_DeptMan_CocoApp_Chg
na,CPLITI01M_Secure_QM_Lititz_Man_Depts_PrdDev_DeptMan_CocoApp_Read
na,CPLITI01M_Secure_QM_Lititz_Man_Depts_PrdDev_DeptMan_SensMan_Chng
na,CPLITI01M_Secure_QM_Lititz_Man_Depts_PrdDev_DeptMan_SensMan_Read
na,CPLITI01M_Secure_QM_Lititz_Man_Depts_Prod_Adagemanual_Change
na,CPLITI01M_Secure_QM_Lititz_Man_Depts_Prod_Adagemanual_Read
na,CPLITI01M_Secure_QM_Lititz_Man_Depts_Prod_Choc Man_Change
na,CPLITI01M_Secure_QM_Lititz_Man_Depts_Prod_Choc Man_Read
na,CPLITI01M_Secure_QM_Lititz_Man_Depts_Prod_Comp Man_Change
na,CPLITI01M_Secure_QM_Lititz_Man_Depts_Prod_Comp Man_Read
na,CPLITI01M_Secure_QM_Lititz_Man_Depts_Prod_DCCoatingMFG_Change
na,CPLITI01M_Secure_QM_Lititz_Man_Depts_Prod_DCCoatingMFG_Read
na,CPLITI01M_Secure_QM_Lititz_Man_Depts_Prod_General_Change
na,CPLITI01M_Secure_QM_Lititz_Man_Depts_Prod_General_Read
na,CPLITI01M_Secure_QM_Lititz_Man_Depts_Prod_Panning_Chg
na,CPLITI01M_Secure_QM_Lititz_Man_Depts_Prod_Panning_Read
na,CPLITI01M_Secure_QM_Lititz_Man_Depts_Purchasing_Change
na,CPLITI01M_Secure_QM_Lititz_Man_Depts_Purchasing_Read
na,CPLITI01M_Secure_QM_Lititz_Man_Depts_QA_Calibration_Change
na,CPLITI01M_Secure_QM_Lititz_Man_Depts_QA_Calibration_Read
na,CPLITI01M_Secure_QM_Lititz_Man_Depts_QA_Chem Hygiene_Change
na,CPLITI01M_Secure_QM_Lititz_Man_Depts_QA_Chem Hygiene_Read
na,CPLITI01M_Secure_QM_Lititz_Man_Depts_QA_CO-Packer Man_Change
na,CPLITI01M_Secure_QM_Lititz_Man_Depts_QA_CO-Packer Man_Read
na,CPLITI01M_Secure_QM_Lititz_Man_Depts_QA_Dept Manual_Change
na,CPLITI01M_Secure_QM_Lititz_Man_Depts_QA_Dept Manual_Read
na,CPLITI01M_Secure_QM_Lititz_Man_Depts_Qual Proc_Audits_Change
na,CPLITI01M_Secure_QM_Lititz_Man_Depts_Qual Proc_Audits_Read
na,CPLITI01M_Secure_QM_Lititz_Man_Depts_Qual Proc_Correct_Change
na,CPLITI01M_Secure_QM_Lititz_Man_Depts_Qual Proc_Correct_Read
na,CPLITI01M_Secure_QM_Lititz_Man_Depts_Qual Proc_Dept_Change
na,CPLITI01M_Secure_QM_Lititz_Man_Depts_Qual Proc_Dept_Read
na,CPLITI01M_Secure_QM_Lititz_Man_Depts_Qual Proc_Doc_Chg
na,CPLITI01M_Secure_QM_Lititz_Man_Depts_Qual Proc_Doc_Read
na,CPLITI01M_Secure_QM_Lititz_Man_Depts_Sales_Admin Manual_Change
na,CPLITI01M_Secure_QM_Lititz_Man_Depts_Sales_Admin Manual_Read
na,CPLITI01M_Secure_QM_Lititz_Man_Depts_Sales_Cust Serv Dept_Change
na,CPLITI01M_Secure_QM_Lititz_Man_Depts_Sales_Cust Serv Dept_Read
na,CPLITI01M_Secure_QM_Lititz_Man_Depts_Sales_Dept_Change
na,CPLITI01M_Secure_QM_Lititz_Man_Depts_Sales_Dept_Read
na,CPLITI01M_Secure_QM_Lititz_Man_Depts_Sales_Logistics Manual_Chg
na,CPLITI01M_Secure_QM_Lititz_Man_Depts_Sales_Logistics Manual_Read
na,CPLITI01M_Secure_QM_Lititz_Man_Depts_Sales_Maximizer_Change
na,CPLITI01M_Secure_QM_Lititz_Man_Depts_Sales_Maximizer_Read
na,CPLITI01M_Secure_QM_Mount Joy_Man_Depts_MNTC_Calib Man_Change
na,CPLITI01M_Secure_QM_Mount Joy_Man_Depts_MNTC_Calib Man_Read
na,CPLITI01M_Secure_QM_Mount Joy_Man_Depts_MNTC_Dept Man_Change
na,CPLITI01M_Secure_QM_Mount Joy_Man_Depts_MNTC_Dept Man_Read
na,CPLITI01M_Secure_QM_Mount Joy_Man_Depts_Prod_Blending_Change
na,CPLITI01M_Secure_QM_Mount Joy_Man_Depts_Prod_Blending_Read
na,CPLITI01M_Secure_QM_Mount Joy_Man_Depts_Prod_Choc Ship_Change
na,CPLITI01M_Secure_QM_Mount Joy_Man_Depts_Prod_Choc Ship_Read
na,CPLITI01M_Secure_QM_Mount Joy_Man_Depts_Prod_General_Change
na,CPLITI01M_Secure_QM_Mount Joy_Man_Depts_Prod_General_Read
na,CPLITI01M_Secure_QM_Mount Joy_Man_Depts_Prod_Liquor_Change
na,CPLITI01M_Secure_QM_Mount Joy_Man_Depts_Prod_Liquor_Read
na,CPLITI01M_Secure_QM_Mount Joy_Man_Depts_Prod_Molding Spec_Change
na,CPLITI01M_Secure_QM_Mount Joy_Man_Depts_Prod_Molding Spec_Read
na,CPLITI01M_Secure_QM_Mount Joy_Man_Depts_Prod_Molding_Change
na,CPLITI01M_Secure_QM_Mount Joy_Man_Depts_Prod_Molding_Read
na,CPLITI01M_Secure_QM_Mount Joy_Man_Depts_QA_Calibration_Chg
na,CPLITI01M_Secure_QM_Mount Joy_Man_Depts_QA_Calibration_Read
na,CPLITI01M_Secure_QM_Quality Systems Manual_Change
na,CPLITI01M_Secure_QM_Quality Systems Manual_Read
na,CPLITI01M_Secure_QM_Read
na,CPLITI01M_Secure_Tartan_Change
na,CPLITI01M_Secure_Tartan_Read
na,CPLITI01M_Shared_HQ_Accounting_Change
na,CPLITI01M_Shared_HQ_Accounting_Gerkens_CustomerPL_Change
na,CPLITI01M_Shared_HQ_Accounting_Gerkens_CustomerPL_Read
na,CPLITI01M_Shared_HQ_Formulas_Change
na,CPLITI01M_Shared_HQ_Futures_Change
na,CPLITI01M_Shared_HQ_Prodcode_Change
na,CPLITI01M_Shared_HQ_Prodcode_Read
na,CPLITI01M_Shared_HQ_Purchase_Change
na,CPLITI01M_Shared_HQ_Purchase_Ventures_Read
na,CPLITI01M_Shared_HQ_Sales_123_Aprices_Change
na,CPLITI01M_Shared_HQ_Sales_123_Read
na,CPLITI01M_Shared_HQ_Sales_Change
na,CPLITI01M_Shared_HQ_Sales_Excel_Change
na,CPLITI01M_Shared_HQ_Sales_Report_Change
na,CPLITI01M_Shared_HQ_Sales_Reports_Read
na,CPLITI01M_Shared_HQ_Sales_Shelly_Change
na,CPLITI01M_Shared_Lititz_Dist Center_Administration_Change
na,CPLITI01M_Shared_Lititz_Dist Center_Mail Order_Change
na,CPLITI01M_Shared_Lititz_Dist Center_Micro Lab_Change
na,CPLITI01M_Shared_Lititz_Dist Center_Samples_Change
na,CPLITI01M_Shared_Lititz_Park Office_Accounting_Change
na,CPLITI01M_Shared_Lititz_Park Office_Accounting_eReport_Chg
na,CPLITI01M_Shared_Lititz_Park Office_Accounting_Projects_Frt_Chg
na,CPLITI01M_Shared_Lititz_Park Office_Accounting_Read
na,CPLITI01M_Shared_Lititz_Park Office_Accounting_Retention_Read
na,CPLITI01M_Shared_Lititz_Park Office_Administration_Change
na,CPLITI01M_Shared_Lititz_Park Office_HR_Change
na,CPLITI01M_Shared_Lititz_Park Office_Info Technology_Change
na,CPLITI01M_Shared_Lititz_Park Office_Purchasing_Change
na,CPLITI01M_Shared_Lititz_Park Office_Reports_BC_Read
na,CPLITI01M_Shared_Lititz_Park Office_Reports_Broker Pay_Chg
na,CPLITI01M_Shared_Lititz_Park Office_Reports_Contracts_Chg
na,CPLITI01M_Shared_Lititz_Park Office_Reports_EDI_Chg
na,CPLITI01M_Shared_Lititz_Park Office_Reports_Inventory Adj_Chg
na,CPLITI01M_Shared_Lititz_Park Office_Reports_Inventory_Chg
na,CPLITI01M_Shared_Lititz_Park Office_Reports_Load Orders_Chg
na,CPLITI01M_Shared_Lititz_Park Office_Reports_Orders_Chg
na,CPLITI01M_Shared_Lititz_Park Office_Reports_Position_Chg
na,CPLITI01M_Shared_Lititz_Park Office_Reports_Prod Plan_Chg
na,CPLITI01M_Shared_Lititz_Park Office_Reports_Purchasing_Chg
na,CPLITI01M_Shared_Lititz_Park Office_Reports_Returns_Chg
na,CPLITI01M_Shared_Lititz_Park Office_Sales_Change
na,CPLITI01M_Shared_Lititz_Park Office_Sales_FM Info FY06_Stgy_Chg
na,CPLITI01M_Shared_Lititz_Park Office_Sales_Fulfillment_Change
na,CPLITI01M_Shared_Lititz_Park Office_Sales_Ind Sales_MKT_Chg
na,CPLITI01M_Shared_Lititz_Park Office_Sales_Industrial Sales_Chg
na,CPLITI01M_Shared_Lititz_Park Office_Sales_Logistics_Metrics_Chg
na,CPLITI01M_Shared_Lititz_Park Office_Sales_Logistics-WPG_Chg
na,CPLITI01M_Shared_Lititz_Park Office_Sales_Logistics-WPG_Read
na,CPLITI01M_Shared_Lititz_Park Office_Sales_Specialty_Read
na,CPLITI01M_Shared_Lititz_Park Office_Trading_Change
na,CPLITI01M_Shared_Lititz_Plant_Admin_Tech Sec_Comp_Change
na,CPLITI01M_Shared_Lititz_Plant_Administration_Change
na,CPLITI01M_Shared_Lititz_Plant_Candy Store_Change
na,CPLITI01M_Shared_Lititz_Plant_Candy Store_Prjs_Fin_ME_Chg
na,CPLITI01M_Shared_lititz_Plant_Candy Store_Product_Mat Trans_CHG
na,CPLITI01M_Shared_Lititz_Plant_Engineering_Change
na,CPLITI01M_Shared_Lititz_Plant_Maintenance_Change
na,CPLITI01M_Shared_Lititz_Plant_Production_Change
na,CPLITI01M_Shared_Lititz_Plant_Production_Prod Mtg Minutes_Chg
na,CPLITI01M_Shared_Lititz_Plant_Production_Prod Mtg Minutes_Read
na,CPLITI01M_Shared_Lititz_Plant_Production_Supervisors_Change
na,CPLITI01M_Shared_Lititz_Plant_Technical_COAs_Change
na,CPLITI01M_Shared_Lititz_Plant_Technical_Product Dev_Change
na,CPLITI01M_Shared_Lititz_Plant_Technical_Quality Assurance_Change
na,CPLITI01M_Shared_Lititz_Plant_Technical_Sensory_Change
na,CPLITI01M_Shared_Mount Joy_Administration_Change
na,CPLITI01M_Shared_Mount Joy_BUDS_Change
na,CPLITI01M_Shared_Mount Joy_Maintenance_Change
na,CPLITI01M_Shared_Mount Joy_Production_Acctg_Read
na,CPLITI01M_Shared_Mount Joy_Production_Change
na,CPLITI01M_Shared_Mount Joy_Production_LPP_Change
na,CPLITI01M_Shared_Mount Joy_Production_Lpp_Data_Yield_Change
na,CPLITI01M_Shared_Mount Joy_Production_Read
na,CPLITI01M_Shared_Mount Joy_Technical_QA_Chg
na,CPLITI01M_Shared_POFF_Sales_WSS_Max Docs_Change
na,CPLITI01M_Shared_Public_Adage_Item Lookup_Change
na,CPLITI01M_Shared_Public_Adage_Item Lookup_Read
na,CPLITI01M_Shared_Public_Change
na,CPLITI01M_Shared_Tartan_Change
na,CPLITI01m_Shared_Tartan_Read
