share,groupou,approve,modify,read
\\xlcalg002m\xlcalgdata\Accounting\_private,"ou=users,ou=calgary,ou=locations,dc=meat,dc=cargill,dc=com",MEAT\raguilar;MEAT\sfox1,,
\\xlcalg002m\xlcalgdata\Accounting\_private,"ou=users,ou=calgary,ou=locations,dc=meat,dc=cargill,dc=com",,MEAT\sfox1,
\\xlcalg002m\xlcalgdata\Accounting\_private,"ou=users,ou=calgary,ou=locations,dc=meat,dc=cargill,dc=com",,MEAT\bjohns2,
\\xlcalg002m\xlcalgdata\Accounting\_private,"ou=users,ou=calgary,ou=locations,dc=meat,dc=cargill,dc=com",,MEAT\bmarsha1,
\\xlcalg002m\xlcalgdata\Accounting\_private,"ou=users,ou=calgary,ou=locations,dc=meat,dc=cargill,dc=com",,MEAT\tmartin1,
\\xlcalg002m\xlcalgdata\Accounting\_private,"ou=users,ou=calgary,ou=locations,dc=meat,dc=cargill,dc=com",,MEAT\dschache,MEAT\sfox1;MEAT\bjohns2;MEAT\bmarsha1;MEAT\tmartin1;MEAT\dschache
